,step,amount,oldbalanceOrg,newbalanceOrig,oldbalanceDest,newbalanceDest,isFlaggedFraud,isFraud
step,1.0,0.00792773891973248,-0.009549240916765294,-0.009756733631264985,0.018846582603078615,0.015486845900632122,,0.031002802084320623
amount,0.00792773891973248,1.0,0.00676038989001732,0.005825951977367639,0.29079096635818996,0.40244024577723586,,0.07969371937591335
oldbalanceOrg,-0.009549240916765294,0.00676038989001732,1.0,0.9985195139114803,0.1081876665186877,0.0712478494958497,,0.010992092992381524
newbalanceOrig,-0.009756733631264985,0.005825951977367639,0.9985195139114803,1.0,0.1105762974770864,0.07064121024886558,,-0.00918860214894859
oldbalanceDest,0.018846582603078615,0.29079096635818996,0.1081876665186877,0.1105762974770864,1.0,0.9807835643539236,,-0.008968015700724079
newbalanceDest,0.015486845900632122,0.40244024577723586,0.0712478494958497,0.07064121024886558,0.9807835643539236,1.0,,0.001482510734148589
isFlaggedFraud,,,,,,,,
isFraud,0.031002802084320623,0.07969371937591335,0.010992092992381524,-0.00918860214894859,-0.008968015700724079,0.001482510734148589,,1.0
