feature,importance
oldbalanceOrg,0.25867963235478886
amount,0.2174228124711001
type_TRANSFER,0.20743413973106636
type_CASH_OUT,0.1022316530501783
oldbalanceDest,0.0888125259610475
step,0.0749419403393701
type_PAYMENT,0.05008847992344059
type_DEBIT,0.00038881616900823747
isFlaggedFraud,0.0
