feature,VIF
amount,1.4496529891321093
step,1.3858941437357821
oldbalanceDest,1.3398978479558346
oldbalanceOrg,1.0892369171794747
isFlaggedFraud,
